,0,1,2,3
0,0.005261717,-0.01105498,0.010459965,-0.0062495484
1,0.0049553593,-0.007927679,0.007675872,-0.0057230545
2,0.0040262463,-0.008968973,0.008572061,-0.0046995636
3,0.00529134,-0.01096372,0.010276864,-0.006176251
4,0.006453277,-0.01011089,0.009579553,-0.007368643
5,0.006252201,-0.009215548,0.008784616,-0.007197287
6,0.005854196,-0.010041452,0.009548093,-0.006845047
7,0.0020588138,-0.008851669,0.008545293,-0.0025357404
8,0.006826006,-0.009790179,0.009319551,-0.007903048
9,0.0044894926,-0.011079755,0.010440164,-0.0054043243
10,0.004914953,-0.009385568,0.008893034,-0.005685183
11,0.002709141,-0.0106668025,0.010096417,-0.0032884607
12,0.003826799,-0.010654755,0.010058361,-0.0045213783
13,0.0052234065,-0.010180023,0.009615723,-0.006081355
14,0.0038551718,-0.009846059,0.009344688,-0.004461647
15,0.0045772833,-0.011719569,0.011022608,-0.005583374
16,0.004088834,-0.011517271,0.01083505,-0.004939139
17,0.003656,-0.011039534,0.010446991,-0.004594138
18,0.006434218,-0.009060747,0.008558896,-0.0074064266
19,0.0025098743,-0.010014128,0.00955047,-0.0032582013
20,0.004081525,-0.010876964,0.010358788,-0.005011754
21,0.0035362237,-0.010133108,0.009700336,-0.004320316
22,0.004774294,-0.011900688,0.011232368,-0.005751102
23,0.0057450365,-0.012070157,0.01137478,-0.0068292273
24,0.003187948,-0.010600905,0.010082465,-0.0038672127
25,0.007469624,-0.011652408,0.010991307,-0.008764902
26,0.0056406413,-0.011259066,0.01066115,-0.006669486
27,0.006343156,-0.011802912,0.011078944,-0.007387213
28,0.006239078,-0.010323,0.0097206095,-0.00727249
29,0.0071397284,-0.009144534,0.008711808,-0.0082705775
30,0.005429659,-0.008683083,0.008306954,-0.006335634
31,0.0056942357,-0.00936078,0.008953866,-0.006642965
32,0.007090871,-0.0086777685,0.008247168,-0.00808195
33,0.0045441403,-0.0067876237,0.0065981094,-0.005040239
34,0.0033780152,-0.0074346988,0.007144855,-0.0038076562
35,0.0024292045,-0.008324024,0.007898688,-0.0027421338
36,0.002472042,-0.006363102,0.0062363017,-0.0027202205
37,0.0026052634,-0.009696289,0.009195821,-0.0030078227
38,0.004207413,-0.010470461,0.009973724,-0.0051012323
39,0.0064194966,-0.011198178,0.010647159,-0.0075518433
40,0.008048101,-0.01075312,0.0101433555,-0.009453481
41,0.0074660103,-0.012309188,0.011588812,-0.00875308
42,0.008979655,-0.010948334,0.010338325,-0.010278173
43,0.008574568,-0.010716755,0.010128836,-0.00990791
44,0.0066073015,-0.010600121,0.010002703,-0.00761366
45,0.0044895005,-0.0091083255,0.008697078,-0.0051623364
46,0.0015558176,-0.012231573,0.011484758,-0.002026293
47,0.004024851,-0.013500324,0.0126352105,-0.005016181
48,0.005215288,-0.014292152,0.013389846,-0.0065309466
49,0.0047040414,-0.014295296,0.0133337,-0.0058948337
50,0.0047741043,-0.010223248,0.009623923,-0.005649892
51,0.006416781,-0.0124024805,0.011636543,-0.0076443553
52,0.008183597,-0.011718729,0.011068581,-0.00960577
53,0.006112551,-0.01166987,0.010993563,-0.007286429
54,0.0066539864,-0.008214723,0.007897583,-0.0075678783
55,0.006627503,-0.010025683,0.0095404,-0.007855868
56,0.006785514,-0.009965733,0.009421697,-0.007929649
57,0.005526593,-0.009542395,0.009067787,-0.0066009746
58,0.0040854905,-0.011458182,0.010850583,-0.005114485
59,0.006377566,-0.011149672,0.010558276,-0.007524368
60,0.00501951,-0.011816204,0.011145566,-0.0061061955
61,0.0051346445,-0.013727177,0.012880062,-0.0063541946
62,0.0027871595,-0.010201787,0.009691858,-0.003430357
63,0.0065169814,-0.00911543,0.008677989,-0.0075312913
64,0.0077009704,-0.008225628,0.007848177,-0.008737883
65,0.005868305,-0.00815995,0.007806325,-0.0066671814
66,-3.753546e-05,-0.012470538,0.011650059,-0.0003333678
67,0.0062144375,-0.008515796,0.008105669,-0.0070994208
68,0.004530965,-0.007827437,0.0074846847,-0.0051228176
69,0.0055510364,-0.010079798,0.009585641,-0.0063352003
70,0.0054791854,-0.008541271,0.008228848,-0.0062811845
71,0.0043199286,-0.007668847,0.0074084536,-0.0049392604
72,0.0055063195,-0.009813661,0.009372923,-0.006446755
73,0.0048621646,-0.013518406,0.0126437545,-0.005912492
74,0.006271436,-0.010343666,0.009733723,-0.0072145713
75,0.0043519535,-0.012654775,0.011851014,-0.005180401
76,0.0072821286,-0.0123558575,0.011560608,-0.008521566
77,0.005326079,-0.010749091,0.010167318,-0.006333827
78,0.0069317603,-0.009566227,0.009097816,-0.007850187
79,0.005853436,-0.009703353,0.009272258,-0.006802621
80,0.0056207348,-0.01412759,0.013240909,-0.0069619706
81,0.004625448,-0.014904745,0.013989745,-0.005915411
82,0.0054832096,-0.01388763,0.012927578,-0.0064853453
83,0.0046493937,-0.009991294,0.009442023,-0.005426721
84,0.0072271386,-0.013076088,0.012206595,-0.008576985
85,0.0061236713,-0.012400924,0.011625474,-0.007283566
86,0.0053701764,-0.009096999,0.008708176,-0.0062838793
87,0.0038526887,-0.012057683,0.011399619,-0.004804967
88,0.0065431055,-0.010973564,0.010355056,-0.0077003944
89,0.0065560993,-0.011541072,0.010848424,-0.00781171
90,0.00526644,-0.013589778,0.012746894,-0.006438972
91,0.004448955,-0.009771715,0.009312385,-0.005427551
92,0.005715229,-0.00915194,0.008754915,-0.006788602
93,0.0074406243,-0.010632446,0.010116172,-0.008730764
94,0.007496731,-0.008054785,0.007716644,-0.008585291
95,0.009249852,-0.007354095,0.0070505533,-0.010512898
96,0.003611494,-0.009849991,0.009354832,-0.00415028
97,0.0035112544,-0.011682301,0.010975428,-0.004236427
98,0.0044476097,-0.012571336,0.0117906835,-0.0053364504
99,0.006289666,-0.0085501745,0.008171142,-0.0071247066
100,0.0079758875,-0.0077165533,0.007394406,-0.009023308
101,0.005788836,-0.0074370317,0.0071427645,-0.0066001704
102,0.004309756,-0.00962173,0.009104046,-0.0049691405
103,0.0029361302,-0.011732744,0.011131837,-0.0035780342
104,0.0030079475,-0.011597898,0.0110142585,-0.0036960593
105,0.004147971,-0.013468669,0.012655185,-0.0051100724
106,0.0036743118,-0.011735753,0.011027958,-0.0043454454
107,0.002641318,-0.011803356,0.0111437505,-0.0032733302
108,0.0069655636,-0.008741455,0.008326185,-0.007976221
109,0.007749836,-0.010479757,0.009977894,-0.009097705
110,0.0061375136,-0.00922582,0.0088100275,-0.007173437
111,0.008820094,-0.010995122,0.01038004,-0.010286632
112,0.006651637,-0.013469361,0.012698778,-0.008137392
113,0.0057249684,-0.014620425,0.01367306,-0.006986824
114,0.0030577201,-0.01316769,0.01232523,-0.003976037
115,0.0074346745,-0.00895803,0.008468808,-0.008512779
116,0.0062815314,-0.0112289265,0.010550934,-0.0072868494
117,0.008503148,-0.011063118,0.010408147,-0.009802897
118,0.00546629,-0.009040724,0.008569412,-0.006212439
119,0.005885402,-0.008997044,0.008578529,-0.006802933
120,0.0053623337,-0.012351811,0.011592767,-0.0064055696
121,0.0021295922,-0.011896003,0.011235165,-0.002836799
122,0.005480116,-0.0115172835,0.0108694825,-0.0065946095
123,0.005257971,-0.009486972,0.008981869,-0.0061739553
124,0.0047138412,-0.009755208,0.0092050275,-0.0055611366
125,0.007525597,-0.009676692,0.009222273,-0.008827199
126,0.0061090984,-0.0088021895,0.008441816,-0.0070059006
127,0.005948101,-0.008515862,0.008116952,-0.0067248344
128,0.0053074104,-0.01017405,0.009624283,-0.0060796295
129,0.0063354936,-0.009408439,0.008883997,-0.007181857
130,0.0068075615,-0.0100390585,0.009484356,-0.0077407514
131,0.008108262,-0.012510556,0.011761687,-0.009509951
132,0.0059462734,-0.01098931,0.010349561,-0.006954913
133,0.0052254912,-0.006947995,0.006724816,-0.0059241806
134,0.0039304006,-0.009294305,0.008853956,-0.004448997
135,0.0038407557,-0.010238141,0.009709162,-0.0043582087
136,0.003678515,-0.009594381,0.009127286,-0.0043096105
137,0.0038987726,-0.010196939,0.009661124,-0.004608674
138,0.002427544,-0.01140451,0.010741114,-0.0030565194
139,0.0038573295,-0.01060659,0.010088629,-0.004664783
140,0.0041839047,-0.010196433,0.009641283,-0.0049601216
141,0.0049433946,-0.00909565,0.008695995,-0.005753791
142,0.0031017605,-0.013859073,0.012970666,-0.0039845346
143,0.00940567,-0.01514206,0.014102505,-0.011123083
144,0.008728447,-0.010708905,0.0101459455,-0.01014389
145,0.00566836,-0.0097969305,0.009286707,-0.0065675797
146,0.0016935285,-0.012372374,0.011684675,-0.0022541145
147,0.004790135,-0.015064917,0.0140665835,-0.005963269
148,0.0030289402,-0.013663008,0.012818605,-0.0039717727
149,0.0054188883,-0.011186278,0.010574584,-0.006408782
150,0.0064867097,-0.010601245,0.010065276,-0.007547245
151,0.0085877245,-0.0127894515,0.012003281,-0.0101896
152,0.006013754,-0.011815048,0.011136276,-0.0071715936
153,0.0024381771,-0.010387124,0.009902548,-0.003010167
154,0.0040194564,-0.010107072,0.009593268,-0.004783885
155,0.0055879587,-0.010655788,0.010040344,-0.0064729187
156,0.00509508,-0.010997195,0.010383908,-0.006105053
157,0.0051907143,-0.0084515605,0.008094619,-0.0060602888
158,0.004332695,-0.008898017,0.008419502,-0.005045079
159,0.0050352993,-0.00863756,0.00819172,-0.0057250145
160,0.00267432,-0.011373877,0.010673549,-0.003196465
161,0.0073238383,-0.010636052,0.009997287,-0.008503518
162,0.005561853,-0.012020038,0.011278566,-0.0065181595
163,0.004760321,-0.016832989,0.015633184,-0.0060064592
164,0.0063491836,-0.012996946,0.012196826,-0.007520696
165,0.0030125207,-0.009571522,0.009089059,-0.0035157267
166,0.0031031405,-0.009370315,0.008898468,-0.0036047064
167,0.006000855,-0.008036585,0.007667331,-0.006580527
168,0.0051245335,-0.010479487,0.0098545635,-0.005914529
169,0.004016206,-0.012229513,0.011466824,-0.0049337177
170,0.0051992694,-0.012727369,0.0119482465,-0.0063195988
171,0.005514286,-0.011116879,0.010464877,-0.0065091304
172,0.006281251,-0.012425875,0.011640498,-0.007519974
173,0.005839611,-0.01193013,0.011195927,-0.0069935815
174,0.004987088,-0.013255436,0.012424302,-0.0060645514
175,0.0097459145,-0.016663544,0.015462261,-0.0115862265
176,0.008781379,-0.011993007,0.011289314,-0.010357027
177,0.008204499,-0.0125216,0.011758976,-0.009514096
178,0.0050662677,-0.010263779,0.009730127,-0.0058736946
179,0.0064439517,-0.011979365,0.011256307,-0.007603576
180,0.005540359,-0.01295192,0.01210321,-0.006498828
181,0.0073308735,-0.00967874,0.009143961,-0.008348813
182,0.007199451,-0.010642094,0.010126253,-0.008440148
183,0.0047080806,-0.012850122,0.012125955,-0.005774576
184,0.006066061,-0.010564306,0.010001928,-0.007249266
185,0.004813219,-0.012110276,0.011489121,-0.005878147
186,0.005312743,-0.00963577,0.009205406,-0.0062897387
187,0.006452373,-0.011327233,0.0107325325,-0.0075528813
188,0.0044727195,-0.011107235,0.010484491,-0.0053019356
189,0.0062984005,-0.010642724,0.01000886,-0.0072946874
190,0.005156951,-0.010649044,0.01000822,-0.0060387608
191,0.0023320902,-0.008849197,0.008385277,-0.0027533853
192,0.0021472706,-0.010053087,0.00945865,-0.0024830434
193,0.005497671,-0.014931316,0.013908921,-0.0067167603
194,0.0052414285,-0.01534466,0.014284715,-0.0064665657
195,0.005006893,-0.012147647,0.011372369,-0.005929355
196,0.005305842,-0.011505804,0.01087171,-0.0062908307
197,0.0042664288,-0.009206177,0.008830424,-0.004836157
198,0.0029932212,-0.009698286,0.00928227,-0.003489272
199,0.0050524054,-0.010458381,0.009897628,-0.005924822
200,0.004513807,-0.010020403,0.009509431,-0.005226515
201,0.0053078984,-0.011884676,0.0111981025,-0.0062877447
202,0.008510129,-0.0148418415,0.013868454,-0.0102089755
203,0.0071531455,-0.012130247,0.011404276,-0.008356909
204,0.0077751405,-0.013060971,0.012194744,-0.00928133
205,0.006350639,-0.0119203795,0.011162276,-0.0076530697
206,0.0067561055,-0.012181139,0.011495733,-0.008001173
207,0.0051353686,-0.013617105,0.012802995,-0.0063332533
208,0.0074986145,-0.011317016,0.010670059,-0.008817784
209,0.0043278476,-0.013965448,0.013020079,-0.0052788905
210,0.008593098,-0.010135543,0.009545701,-0.009913749
211,0.00606463,-0.009601302,0.009095151,-0.007163265
212,0.0063467193,-0.0114812665,0.010777978,-0.007449463
213,0.009515388,-0.011007912,0.010402995,-0.0110555105
214,0.00868089,-0.007851483,0.007561267,-0.009977922
215,0.004555855,-0.0117233,0.011073049,-0.0056736297
216,0.009276588,-0.011440106,0.010788263,-0.010958415
217,0.0050415588,-0.012248247,0.011582752,-0.0061509865
218,0.0056356112,-0.013824783,0.013017984,-0.006834998
219,0.0014067686,-0.013047527,0.0123205185,-0.0020278902
220,0.0032885554,-0.012513428,0.011741858,-0.0041601937
221,0.0056799124,-0.012301036,0.011516439,-0.00680643
222,0.007001565,-0.009249561,0.008744221,-0.008057722
223,0.0025729234,-0.008689391,0.008256256,-0.0029432005
224,0.0060397186,-0.009745502,0.009244349,-0.0068843295
225,0.006498069,-0.013997843,0.0131274415,-0.007673824
226,0.007246608,-0.015475061,0.014369614,-0.008709248
227,0.0021018172,-0.011286334,0.010658128,-0.0028447844
228,0.004981933,-0.009906995,0.009438195,-0.0060427096
229,0.0014238037,-0.009049814,0.008608866,-0.0016607303
230,0.0031972388,-0.009265694,0.008899276,-0.0037279464
231,0.003382743,-0.011103807,0.010517715,-0.0041418346
232,0.0058072777,-0.012495098,0.01171308,-0.006955838
233,0.0068713035,-0.010538321,0.009978694,-0.008054443
234,0.0048136953,-0.009558211,0.009080444,-0.0057521067
235,0.007220854,-0.010678632,0.010066418,-0.008336449
236,0.007085503,-0.013016073,0.012162753,-0.008448699
237,0.0062379045,-0.012212468,0.0114432825,-0.0073437276
238,0.008294059,-0.012791743,0.0120030185,-0.009791002
239,0.008463554,-0.011649258,0.010991724,-0.009989421
240,0.005616026,-0.010886634,0.010322139,-0.0067277947
241,0.008861065,-0.012564494,0.01177261,-0.010443772
242,0.00373151,-0.010994921,0.010348286,-0.0045990585
243,0.009166611,-0.0098376125,0.009244982,-0.010596495
244,0.0045454185,-0.011630997,0.010965833,-0.0053515825
245,0.004135219,-0.011883534,0.011191136,-0.0050871405
246,0.005263851,-0.010885483,0.010335223,-0.006457652
247,0.0054033324,-0.008443452,0.008133331,-0.006332169
248,0.0069156,-0.013702049,0.012836013,-0.008343905
249,0.0052108397,-0.0124849705,0.011841342,-0.006425698
250,0.0053793807,-0.013666464,0.012865065,-0.006633018
251,0.0040535815,-0.00947979,0.008970592,-0.0046614255
252,0.0034041302,-0.011508898,0.010838513,-0.004118233
253,0.006406068,-0.014242846,0.0133562945,-0.007563057
254,0.007017586,-0.01329571,0.0125048105,-0.008310944
255,0.0019531387,-0.013886765,0.012965608,-0.0025650647
256,0.0020788738,-0.014087059,0.013163366,-0.0027252694
257,0.006336753,-0.010147804,0.009524026,-0.0072296243
258,0.008206563,-0.014462892,0.01350908,-0.009639712
259,0.004908011,-0.015141547,0.014116176,-0.006035053
260,0.0037757868,-0.009738629,0.009205172,-0.0044028442
261,0.004957517,-0.0103908125,0.009785505,-0.005911355
262,0.00062508153,-0.011537363,0.010870318,-0.0010225603
263,0.0050508715,-0.013066816,0.012251085,-0.006260418
264,0.007755287,-0.011570773,0.010848738,-0.009113388
265,0.009750695,-0.011042605,0.010381129,-0.01151255
266,0.0066135377,-0.009396244,0.00888945,-0.0076543223
267,0.0076900194,-0.009348412,0.008869333,-0.008822376
268,0.0053174812,-0.011485498,0.010790898,-0.0062704077
269,0.005187634,-0.010720179,0.01010839,-0.0061968113
270,0.0062535447,-0.01222883,0.011492084,-0.0074763354
271,0.006474932,-0.010319646,0.0097315265,-0.00751481
272,0.005937554,-0.011769724,0.011098855,-0.0072002104
273,0.0057200235,-0.01130547,0.010625593,-0.006785231
274,0.0048812977,-0.012002894,0.011239002,-0.0058267857
275,0.0063225566,-0.011047228,0.0103916135,-0.0074176104
276,0.0054362104,-0.011292359,0.010632788,-0.0063520866
277,0.0037880233,-0.012318014,0.01156942,-0.004630343
278,0.0026935912,-0.011741034,0.011072061,-0.0033705784
279,0.005844147,-0.01146244,0.010808155,-0.006832453
280,0.006049181,-0.011839174,0.0111947805,-0.007242891
281,0.008665139,-0.010969716,0.010398691,-0.010269799
282,0.0036012211,-0.013958945,0.013128039,-0.004716227
283,0.003998101,-0.012520379,0.011751286,-0.0048395093
284,0.00219395,-0.01475444,0.013772645,-0.002853131
285,0.004364285,-0.011451151,0.010841523,-0.0052263667
286,0.008014909,-0.01449602,0.013509655,-0.009489762
287,0.0035257041,-0.0133450255,0.012467818,-0.004461591
288,0.007135632,-0.012627909,0.011834158,-0.008329234
289,0.0059084725,-0.009285632,0.0087965,-0.0068512517
290,0.0025936223,-0.011985796,0.011259762,-0.0032669774
291,0.0061473856,-0.013106684,0.012287354,-0.0073353327
292,0.004072491,-0.010559089,0.009933894,-0.0047645294
293,0.005721974,-0.015306239,0.014175043,-0.006973939
294,0.00079123717,-0.012356151,0.011583928,-0.0013399977
295,0.0029666934,-0.015329838,0.014321324,-0.0040453793
296,0.0057108933,-0.013288467,0.012440755,-0.006894579
297,0.0071920506,-0.010743096,0.010156791,-0.008442264
298,0.006743976,-0.011242026,0.010598447,-0.007833061
299,0.007161367,-0.009895043,0.009342994,-0.00808786
300,0.0055533834,-0.012480273,0.01173368,-0.0065967366
301,0.0050345785,-0.013117774,0.012347176,-0.006143412
302,0.0075395326,-0.013224154,0.012416808,-0.009092974
303,0.0082703605,-0.009034464,0.00855619,-0.009629662
304,0.0067884433,-0.008450708,0.008028687,-0.007868339
305,0.0061472934,-0.008106393,0.0077740387,-0.007206863
306,0.0071461354,-0.011656082,0.010960966,-0.0083418535
307,0.006627948,-0.010782115,0.010172167,-0.0076047555
308,0.0031160223,-0.014143276,0.013210972,-0.0038054767
309,0.004754933,-0.0134671815,0.012562741,-0.0057496857
310,0.004954383,-0.012454191,0.01170197,-0.005892518
311,0.006171676,-0.009756167,0.009293433,-0.0072002327
312,0.00642658,-0.010083614,0.009597214,-0.0075123385
313,0.005773059,-0.0110529475,0.010432942,-0.0068840887
314,0.00456723,-0.012216712,0.011539927,-0.0056369114
315,0.006858589,-0.011489995,0.010852104,-0.008083826
316,0.005000935,-0.013410962,0.012545455,-0.0060415915
317,0.0066429963,-0.014127211,0.013255022,-0.007957117
318,0.0075671915,-0.014580994,0.0135778515,-0.0089341095
319,0.007970719,-0.013316628,0.012431752,-0.0093408665
320,0.0052222707,-0.011323139,0.0107001,-0.006022054
321,0.007826209,-0.011564801,0.0108597325,-0.008947696
322,0.006061423,-0.013306366,0.012453019,-0.0071294536
323,0.006634678,-0.011897631,0.011204612,-0.007850758
324,0.004994907,-0.01010968,0.009537521,-0.0057994737
325,0.0057784943,-0.0135096405,0.01263944,-0.0071095186
326,0.0036606262,-0.0143787265,0.013395021,-0.004708635
327,0.0065889955,-0.01315568,0.012352955,-0.007924359
328,0.007829647,-0.0113655925,0.010654434,-0.009231877
329,0.0068146824,-0.012481391,0.0117164515,-0.007983917
330,0.0040925434,-0.01142975,0.010810141,-0.005109918
331,0.0067321067,-0.008870927,0.008447586,-0.0077144173
332,0.0053069093,-0.011363197,0.010743933,-0.0063519427
333,0.007524258,-0.011605596,0.010947801,-0.008951225
334,0.0033328896,-0.012086615,0.011419646,-0.0042969612
335,0.0032282206,-0.011654675,0.011007428,-0.0040309867
336,0.005288336,-0.011084609,0.01052565,-0.006369154
337,0.0062678824,-0.008915551,0.008528314,-0.0073718564
338,0.005800028,-0.00927893,0.008880414,-0.006776258
339,0.005948422,-0.012294392,0.011623691,-0.0070972843
340,0.004833117,-0.012847439,0.0120746745,-0.0058030044
341,0.0071087307,-0.013967194,0.013033086,-0.008299076
342,0.008138227,-0.011647849,0.010931987,-0.009409727
343,0.007702016,-0.012775087,0.012003122,-0.009069691
344,0.006916871,-0.0099941455,0.00950694,-0.007964997
345,0.0049663335,-0.011872483,0.011208946,-0.0059444923
346,0.0025036447,-0.015068713,0.014116679,-0.0034272412
347,0.0072208354,-0.012810247,0.011999161,-0.008395711
348,0.0064348527,-0.008221644,0.007874658,-0.007342364
349,0.0056931693,-0.01363641,0.012809389,-0.0067589395
350,0.006222032,-0.014256892,0.013366794,-0.007412643
351,0.0062323087,-0.014318974,0.013359727,-0.0074120658
352,0.0051209265,-0.012735581,0.011920627,-0.006004695
353,0.007730802,-0.012518194,0.011728527,-0.008989677
354,0.0071668634,-0.01262403,0.0118068075,-0.008468991
355,0.005995965,-0.012381743,0.011572006,-0.007083421
356,0.0055752904,-0.013489238,0.012613323,-0.0067615677
357,0.0025701807,-0.011148145,0.01049414,-0.0033204474
358,0.005727294,-0.013136415,0.0122925425,-0.006955922
359,0.0051486557,-0.011114058,0.010464075,-0.006163652
360,0.0076592034,-0.015234805,0.014137709,-0.009185841
361,0.0034500086,-0.011322763,0.01068277,-0.004232725
362,0.0047476576,-0.011200447,0.010592102,-0.0057506957
363,0.0067810263,-0.0098942565,0.0093731405,-0.008024587
364,0.007104642,-0.011206447,0.0105780205,-0.008400638
365,0.006720934,-0.008889841,0.008424632,-0.007711093
366,0.0033838556,-0.01127262,0.010636812,-0.0042287223
367,0.00055751915,-0.011891427,0.011211788,-0.00104758
368,0.0017154487,-0.014254811,0.013387135,-0.0024637654
369,0.0047395043,-0.009575764,0.009163166,-0.005574909
370,0.005336033,-0.009895873,0.009423641,-0.0061859475
371,0.008974264,-0.012958059,0.012172203,-0.010552578
372,0.00830614,-0.011258806,0.010639689,-0.009694784
373,0.007377113,-0.013333674,0.012496519,-0.008574148
374,0.0063772127,-0.013129146,0.012332043,-0.0075608785
375,0.006484844,-0.012804111,0.012030982,-0.0077886935
376,0.007132783,-0.010282383,0.009783676,-0.008345708
377,0.0050520883,-0.009636541,0.009170769,-0.0058487453
378,0.00726695,-0.012449512,0.011760922,-0.008492479
379,0.0046166545,-0.0134541,0.012637949,-0.005631746
380,0.004230959,-0.010062114,0.009633825,-0.0050625494
381,0.006735855,-0.010167252,0.009623675,-0.007780924
382,0.005932811,-0.014912353,0.013887726,-0.00709931
383,0.0063468353,-0.013767623,0.012827634,-0.007454347
384,0.0076579787,-0.010085757,0.009506277,-0.008706745
385,0.0037428746,-0.012461308,0.01170114,-0.0044540176
386,0.007003251,-0.013269111,0.012420109,-0.008220223
387,0.0038031077,-0.013236117,0.0124429185,-0.0046456596
388,0.0037664124,-0.010029455,0.009488498,-0.004529053
389,0.007084969,-0.009814419,0.009319127,-0.008346917
390,0.0058879973,-0.010939129,0.010355826,-0.0070655574
391,0.007295872,-0.012065134,0.011383899,-0.008615314
392,0.003975256,-0.014989812,0.0139425155,-0.005002585
393,0.005446723,-0.01150195,0.01082074,-0.0064733145
394,0.00556991,-0.009195583,0.008751713,-0.0064940723
395,0.0029112012,-0.014893556,0.013918579,-0.0037731235
396,0.0058309287,-0.009632002,0.009137918,-0.0066457745
397,0.004973051,-0.014568645,0.013629368,-0.0060200724
398,0.005166027,-0.010378837,0.009854557,-0.0062029436
399,0.005533858,-0.011342913,0.010746831,-0.0065959464
400,0.0006204902,-0.011192787,0.010619171,-0.0010255013
401,0.0027959493,-0.012854615,0.012039944,-0.003483473
402,0.0060771243,-0.0114302235,0.010768405,-0.007050353
403,0.0093031,-0.01048576,0.009969755,-0.010783044
404,0.0060790097,-0.014728119,0.013762099,-0.0071981074
405,0.00789244,-0.012083934,0.01136304,-0.009236289
406,0.0047531114,-0.011810772,0.011188466,-0.0057269162
407,0.0045376327,-0.012711378,0.011938438,-0.005603808
408,0.0038268021,-0.010081247,0.009577875,-0.0046383715
409,0.0023031011,-0.011819514,0.011151318,-0.0028722533
410,0.004778295,-0.010530483,0.009973088,-0.005615205
411,0.0037267688,-0.011538243,0.010876225,-0.004553009
412,0.002486179,-0.012575741,0.011870436,-0.0031632825
413,0.003391355,-0.014321433,0.013426856,-0.0041994764
414,0.0060349195,-0.012400828,0.011609205,-0.0070498222
415,0.0057992237,-0.010690828,0.010019099,-0.006742972
416,0.005403507,-0.014444329,0.013494018,-0.0063864603
417,0.009181016,-0.011336152,0.010676727,-0.010571724
418,0.0050881435,-0.013341138,0.01247941,-0.0061983536
419,0.0016932223,-0.01306856,0.012301512,-0.0023523513
420,0.0044348,-0.012677824,0.011900868,-0.0053895977
421,0.0051158015,-0.009409644,0.00891874,-0.006054308
422,0.0041088895,-0.013172205,0.01230882,-0.005115869
423,0.0072701587,-0.010523635,0.009967128,-0.00846077
424,0.0023957277,-0.011509254,0.010855141,-0.002996505
425,0.0047436166,-0.0059401733,0.005824516,-0.005365611
426,0.0017445284,-0.0093822,0.008910241,-0.0019894023
427,0.0039609764,-0.01173681,0.0110989,-0.0047796033
428,0.0036966153,-0.011885346,0.011199941,-0.0045184693
429,0.0029648726,-0.012758686,0.012026136,-0.0037495317
430,0.0050952313,-0.012551356,0.011819704,-0.006153777
431,0.004761013,-0.010735263,0.010174802,-0.0056598056
432,0.001433804,-0.012825819,0.012027816,-0.002077553
433,0.0031423958,-0.013349972,0.012514984,-0.003907045
434,0.003027716,-0.015029028,0.0141034275,-0.003912942
435,0.0068482887,-0.01127281,0.010654808,-0.007939656
436,0.005533022,-0.01048325,0.009980057,-0.006403013
437,0.0058853664,-0.010795571,0.010249663,-0.006933833
438,0.005501719,-0.012734801,0.011993423,-0.006595966
439,0.003314648,-0.01130773,0.010725681,-0.0040922607
440,0.0046341545,-0.010417677,0.009852792,-0.0054454324
441,0.0051830253,-0.008843609,0.00841009,-0.005985475
442,0.007918805,-0.01319914,0.012323225,-0.009381239
443,0.005722642,-0.012872171,0.012045584,-0.006764075
444,0.005955614,-0.010897675,0.01035134,-0.0069492096
445,0.006768703,-0.009592888,0.0090989005,-0.007710276
446,0.0063286037,-0.012657173,0.0119420085,-0.0076181917
447,0.004238123,-0.010766081,0.010125201,-0.0050549083
448,0.006783883,-0.012656702,0.011887996,-0.00804971
449,0.008054286,-0.01150121,0.010783605,-0.009534856
450,0.0070993016,-0.009771797,0.009272687,-0.008338828
451,0.0039139274,-0.011511981,0.010870755,-0.004678343
452,0.0011931229,-0.009872144,0.009435235,-0.0015928246
453,0.0026373684,-0.013397381,0.012540368,-0.0034688592
454,0.004994116,-0.011946787,0.011205269,-0.0060142633
455,0.0043333233,-0.012360477,0.011625529,-0.0052614207
456,0.0034566326,-0.013299064,0.012443231,-0.0042414083
457,0.0020269866,-0.00999521,0.00949129,-0.0024439218
458,0.0009640222,-0.012760244,0.012010607,-0.0014800675
459,0.0016712192,-0.011257828,0.010610491,-0.002215702
460,0.006696,-0.012268094,0.011484579,-0.007786856
461,0.00320817,-0.0135645075,0.012747289,-0.0039909026
462,0.0054633967,-0.012171849,0.011479602,-0.0065534213
463,0.0041416837,-0.012350259,0.011598675,-0.0050776107
464,0.004880809,-0.01409924,0.013188909,-0.005983508
465,0.0057234894,-0.014738305,0.013790069,-0.006964696
466,0.0049285744,-0.011185139,0.010622405,-0.005922281
467,0.010534987,-0.008901422,0.008501859,-0.012030158
468,0.00809236,-0.007058733,0.006831463,-0.009012014
469,0.005326604,-0.011149899,0.010612692,-0.0063282587
470,0.008052212,-0.0083114365,0.007992915,-0.009289338
471,0.009327331,-0.009738711,0.009255459,-0.01083641
472,0.0063367956,-0.0117728785,0.011046771,-0.0074976906
473,0.009464479,-0.011696898,0.010974111,-0.011018655
474,0.007048144,-0.0151288,0.014084338,-0.008486067
475,0.0070981244,-0.010356222,0.009803092,-0.008235691
476,0.0067267274,-0.010719676,0.010154981,-0.0077503403
477,0.004706768,-0.010300382,0.009698729,-0.0054439465
478,0.0059901695,-0.011599451,0.010916365,-0.0070449347
479,0.0052672583,-0.01133366,0.010669026,-0.006155957
480,0.008062448,-0.011067371,0.010479989,-0.009505892
481,0.009574728,-0.009407583,0.008936848,-0.0109761655
482,0.009933108,-0.0104717845,0.0098942295,-0.011518929
483,0.0027293991,-0.010270122,0.009769302,-0.003224221
484,0.0022659067,-0.0095992,0.009121749,-0.00267933
485,0.0045315623,-0.009678904,0.009233552,-0.005470625
486,0.0042805485,-0.011842258,0.011103854,-0.005274312
487,0.0026294591,-0.015494654,0.014422226,-0.0034325698
488,0.0004117873,-0.015517157,0.014480992,-0.00096227636
489,0.0016637131,-0.013669632,0.012823731,-0.0022765577
490,0.0033186115,-0.012520956,0.011780746,-0.0041619954
491,0.0025593124,-0.012382498,0.011615845,-0.0032795793
492,0.0040430627,-0.013828368,0.012914857,-0.004968727
493,0.0025576856,-0.012021297,0.01139211,-0.0032852485
494,0.0032313692,-0.010470573,0.009951639,-0.003909751
495,0.004602939,-0.010767654,0.010183637,-0.005489797
496,0.0054585836,-0.011205737,0.010477219,-0.006338061
497,0.005458589,-0.013327582,0.01243556,-0.0064812205
498,0.005768384,-0.011235343,0.010601922,-0.0067205504
499,0.010401546,-0.010235174,0.009661833,-0.01183262
500,0.005670541,-0.006762968,0.006570464,-0.0062962356
501,0.0076449174,-0.007744423,0.0074861892,-0.0087786075
502,0.0068966425,-0.012486398,0.011758954,-0.008107603
503,0.0058503775,-0.0142548615,0.013296761,-0.0070264125
504,0.0044741463,-0.011944829,0.011182874,-0.0053507634
505,0.005912596,-0.009521929,0.008954588,-0.006924245
506,0.006733312,-0.012279835,0.011498359,-0.0078303
507,0.006082562,-0.0110849785,0.010429354,-0.007180317
508,0.0057482403,-0.00885684,0.0083942795,-0.006570148
509,0.006166349,-0.007455046,0.0071714995,-0.006903551
510,0.0067827464,-0.012525953,0.011734303,-0.008021232
511,0.005816174,-0.009244551,0.00880649,-0.006672535
512,0.0025277454,-0.008450762,0.008118495,-0.0030495706
513,0.005344628,-0.011668164,0.011010754,-0.006394988
514,0.007898218,-0.013435313,0.012576923,-0.009365275
515,0.0059980387,-0.011590247,0.010877382,-0.0070317015
516,0.0057287076,-0.0100650005,0.009545656,-0.006714274
517,0.005640968,-0.0108232405,0.010298158,-0.006680959
518,0.0014763143,-0.013758292,0.012926681,-0.0020890012
519,0.0036799102,-0.014126012,0.0131857125,-0.004566678
520,0.0047825407,-0.013767333,0.012851571,-0.005766287
521,-0.0006932293,-0.015048897,0.014106479,0.000136877
522,0.0014106572,-0.014177801,0.013283178,-0.0019564372
523,0.0021924558,-0.011707364,0.011122502,-0.0027692853
524,0.0005648405,-0.012143694,0.011504862,-0.0008933515
525,0.0014981871,-0.01248981,0.011754836,-0.002076639
526,0.0033924875,-0.011968095,0.01133389,-0.004147503
527,0.00049123034,-0.012343941,0.011563083,-0.0007982064
528,0.0044491333,-0.012557669,0.011800833,-0.0052929064
529,0.0052587613,-0.016800795,0.015574125,-0.0064197425
530,0.0030717796,-0.015459637,0.014415251,-0.003803568
531,0.005408257,-0.0117454,0.01101561,-0.0063549993
532,0.0069481744,-0.010121008,0.0095448345,-0.007920937
533,0.006631969,-0.011377894,0.010701234,-0.0077021294
534,0.0063419677,-0.010185302,0.009670028,-0.0072572553
535,0.007643116,-0.01152328,0.010873223,-0.00900909
536,0.0046660006,-0.010701192,0.010142324,-0.0055484944
537,0.0072949645,-0.011501299,0.010768576,-0.00849994
538,0.0058938065,-0.01096015,0.010227569,-0.006833797
539,0.0046448037,-0.011184097,0.010521254,-0.0054843277
540,0.0051125847,-0.009212196,0.008727385,-0.0059131472
541,0.0053920373,-0.009808081,0.009289403,-0.0061327163
542,0.006492301,-0.010145862,0.009557182,-0.007528717
543,0.0041394928,-0.007986215,0.007609284,-0.004776197
544,0.0040057176,-0.0131533975,0.01233843,-0.004980371
545,0.0053466586,-0.013185712,0.012421356,-0.0065025357
546,0.007437692,-0.013650379,0.01276073,-0.008687287
547,0.006349058,-0.008610787,0.00829155,-0.0073517086
548,0.006237976,-0.009802402,0.009338564,-0.007299908
549,0.007891405,-0.010202217,0.00965004,-0.009168285
550,0.004669542,-0.010737591,0.010213304,-0.005474356
551,0.0038646772,-0.014130664,0.013237574,-0.004663942
552,0.0039919037,-0.012848159,0.012117072,-0.004843314
553,0.0021300644,-0.01196405,0.011291191,-0.0028617843
554,0.0027147436,-0.010903608,0.010356155,-0.0033551157
555,0.0021222732,-0.009636638,0.009205134,-0.0025699835
556,0.0035707615,-0.011347928,0.010798901,-0.004503888
557,0.0023785075,-0.0084175905,0.008115505,-0.002829415
558,0.000807565,-0.0152363805,0.014227355,-0.0013542265
559,0.0023950478,-0.012185767,0.011431216,-0.0029674068
560,0.004568778,-0.011537158,0.0108476505,-0.0054913634
561,0.0049862135,-0.014122176,0.013256714,-0.0060501476
562,0.0073914984,-0.012221786,0.011465868,-0.008635455
563,0.0071747713,-0.008309559,0.007879044,-0.008138079
564,0.0024785765,-0.010455256,0.009847799,-0.0028987015
565,0.0025907573,-0.011611427,0.011019205,-0.0032038281
566,0.004487964,-0.012727041,0.011979865,-0.0054734824
567,0.0067440527,-0.010891462,0.010285791,-0.007925407
568,0.0051512397,-0.00912552,0.008618821,-0.0059710224
569,0.006014832,-0.009024163,0.008587143,-0.007012263
570,0.005278018,-0.0085350135,0.008083347,-0.006007489
571,0.005552746,-0.013126143,0.012233061,-0.006659334
572,0.0046964493,-0.009542947,0.008997448,-0.005485424
573,0.004115958,-0.00977146,0.009301756,-0.0047938186
574,0.006596882,-0.011119329,0.010459913,-0.007564419
575,0.006323445,-0.011177644,0.010511756,-0.007478662
576,0.004426896,-0.015747996,0.014630713,-0.0055683893
577,0.00384857,-0.012356735,0.011619733,-0.00476687
578,0.008302157,-0.009439438,0.008959099,-0.009461859
579,0.006894559,-0.008841742,0.008455348,-0.00798933
580,0.0033081535,-0.012400546,0.011732447,-0.0041699647
581,0.003165168,-0.014889662,0.013973573,-0.004100732
582,0.005341717,-0.01207013,0.011422135,-0.006509265
583,0.0052793743,-0.01030434,0.009837993,-0.006231089
584,0.0049566505,-0.011006404,0.010469325,-0.005946956
585,0.002837299,-0.012226357,0.011514242,-0.0035838722
586,1.1605334e-05,-0.015242522,0.01421538,-0.000468847
587,0.0024949561,-0.011543826,0.010943184,-0.0031770607
588,-0.0002607948,-0.009340397,0.009002967,0.00013879531
589,0.0005044262,-0.013471799,0.012655216,-0.0010054675
590,0.002664174,-0.012365874,0.011635966,-0.003220522
591,0.0036014598,-0.011643094,0.010965356,-0.0042735613
592,0.0026233455,-0.01252587,0.011755687,-0.00326966
593,0.00458071,-0.014897285,0.01387425,-0.00561796
594,0.006075504,-0.014299094,0.0133179305,-0.0071725827
595,0.005013031,-0.014004634,0.013068553,-0.0059963646
596,0.0031771788,-0.013573446,0.0126838125,-0.0038293293
597,0.0016996898,-0.011712687,0.011061256,-0.0022309832
598,0.004212188,-0.014330157,0.013449968,-0.00524968
599,0.0060925973,-0.009517646,0.009036361,-0.0070258225
600,0.006967522,-0.010432201,0.009844018,-0.008020607
601,0.007318024,-0.010869826,0.010258825,-0.008541137
602,0.0028390181,-0.01142598,0.010727019,-0.0034208784
603,0.0009327965,-0.016367396,0.015165254,-0.0016620136
604,0.002854823,-0.0147715695,0.013734926,-0.0036770082
605,0.0049738903,-0.0120067755,0.011243132,-0.005764694
606,0.005539864,-0.012501269,0.011675908,-0.006470054
607,0.0060920888,-0.013323196,0.012421978,-0.0071734185
608,0.0055353753,-0.014294317,0.013318406,-0.006779869
609,0.0071033076,-0.010286927,0.0097231,-0.008202224
610,0.0040164543,-0.01109493,0.010519712,-0.004761841
611,0.0054921703,-0.010850091,0.010287466,-0.0064252866
612,0.0038906857,-0.010163645,0.009722817,-0.004726532
613,0.0070272,-0.009929111,0.009472097,-0.008204123
614,0.005897615,-0.0073441225,0.007106958,-0.006796533
615,0.006379918,-0.010358824,0.009821035,-0.0075567984
616,0.0055500614,-0.008389828,0.007980388,-0.006298166
617,0.004508226,-0.012169572,0.011417325,-0.0054148478
618,0.001593997,-0.012389779,0.011634136,-0.0021284386
619,0.0035503812,-0.015552806,0.014534577,-0.004650202
620,0.004120197,-0.011051283,0.010491394,-0.004964095
621,0.004983064,-0.0133823985,0.012548211,-0.0060248617
622,0.002750265,-0.010586823,0.010011906,-0.0032601117
623,0.004890637,-0.01377129,0.012902695,-0.0060458137
624,0.00037184352,-0.013364501,0.012527508,-0.0008013499
625,0.0051375483,-0.0112148635,0.010542111,-0.006110141
626,0.0047961194,-0.011174056,0.010525238,-0.005563026
627,0.0065729986,-0.012106437,0.011428553,-0.007755743
628,0.0035900907,-0.01216435,0.011456752,-0.004218186
629,0.00209874,-0.012906457,0.012124469,-0.0027598902
630,0.004272448,-0.011473282,0.010877199,-0.005148412
631,0.0049331095,-0.010312351,0.009755543,-0.005807352
632,0.005639001,-0.010497372,0.009936742,-0.0065984647
633,0.003934375,-0.012216207,0.011485879,-0.0046381094
634,0.0029036056,-0.013546483,0.012645113,-0.0035980542
635,0.0011658429,-0.016008405,0.014853987,-0.0018888384
636,0.0008026661,-0.014101232,0.013142274,-0.0012656648
637,0.0024659475,-0.010146093,0.009595342,-0.0030005337
638,0.0043484704,-0.012690762,0.011861857,-0.0052707368
639,0.00342717,-0.012613095,0.011855781,-0.0042651994
640,0.00562732,-0.015602112,0.014512627,-0.0067837625
641,0.005531063,-0.010602948,0.010039332,-0.0064459327
642,0.0065407627,-0.012258811,0.011537788,-0.007770407
643,0.0055443314,-0.010684392,0.010182156,-0.0066991616
644,0.0055283858,-0.009717326,0.00928177,-0.006588717
645,0.005481333,-0.009138194,0.008746884,-0.006555451
646,0.0067024315,-0.009711997,0.0092622945,-0.007964674
647,0.0073605673,-0.011353546,0.010684635,-0.008739912
648,0.0023186617,-0.011604989,0.010976482,-0.0029788287
649,0.004976863,-0.013028629,0.012249186,-0.0060067503
650,0.004716409,-0.013441915,0.012604314,-0.005697578
651,0.0042579835,-0.013110907,0.012300809,-0.0051420266
652,0.00141496,-0.011499136,0.010858523,-0.0019256241
653,0.0050824443,-0.012628964,0.011883698,-0.0059742257
654,0.0016437785,-0.013774632,0.012916195,-0.0022515017
655,0.0054515353,-0.013141872,0.012322529,-0.0066367593
656,0.0070605623,-0.011960312,0.011174339,-0.0083270725
657,0.0060008224,-0.010759323,0.010104511,-0.006979077
658,0.005986545,-0.012236316,0.011424785,-0.0070047965
659,0.008752447,-0.010205815,0.009669556,-0.010035755
660,0.0056217597,-0.011560317,0.010897723,-0.0065339557
661,0.0023092672,-0.014581174,0.013633878,-0.0030033654
662,0.0018085011,-0.0098167695,0.009338737,-0.0022817794
663,0.003408094,-0.010002647,0.009518405,-0.0040818956
664,0.0056384257,-0.013464784,0.012556946,-0.0067632995
665,0.00046375504,-0.010758473,0.010202959,-0.00073160575
666,0.0045743356,-0.01172994,0.010999964,-0.0054280246
667,0.0031730314,-0.012136737,0.0113325445,-0.0038926473
668,0.0056060534,-0.01224287,0.011442217,-0.006596332
669,0.002261757,-0.012026143,0.0112781655,-0.0028760908
670,0.0038308778,-0.012867076,0.012097487,-0.004638817
671,0.0044254833,-0.016207626,0.01501313,-0.005527932
672,0.0066538206,-0.011280044,0.010628889,-0.0078035356
673,0.008413125,-0.0061789094,0.0060397177,-0.009451288
674,0.010573443,-0.007802079,0.0074031376,-0.01201316
675,0.0048997807,-0.012479645,0.011748224,-0.005899987
676,0.005518549,-0.010115818,0.009634842,-0.0065089236
677,0.0073256567,-0.009714607,0.009283069,-0.0085659595
678,0.0088592395,-0.010634771,0.010057556,-0.010458832
679,0.0083675105,-0.010630406,0.010049937,-0.00979257
680,0.0045563285,-0.010745687,0.010227187,-0.0054949713
681,0.0037616303,-0.012194106,0.011511542,-0.0045905886
682,0.005774125,-0.011659177,0.010977796,-0.0066531394
683,0.004886161,-0.01384723,0.012969906,-0.0059953304
684,0.0038931065,-0.012747487,0.01197303,-0.0046792696
685,0.004218648,-0.011703511,0.011066779,-0.005101759
686,0.004702436,-0.011481541,0.010815852,-0.005473894
687,0.003708332,-0.013908273,0.013075118,-0.0047819894
688,0.00804835,-0.013001961,0.012187804,-0.009571852
689,0.0045667957,-0.011479752,0.010844875,-0.005515375
690,0.006008121,-0.011044472,0.010385238,-0.0071350993
691,0.007622486,-0.010821741,0.0102372095,-0.008807163
692,0.004821458,-0.011498466,0.010814208,-0.005722141
693,0.0052988594,-0.011197888,0.010574588,-0.006231886
694,0.0005403889,-0.010960058,0.010376428,-0.0009553049
695,0.0046209213,-0.0078003574,0.00745213,-0.0052678576
696,0.0045030927,-0.008401344,0.007947851,-0.005255652
697,0.005287034,-0.009483548,0.008974879,-0.006046482
698,0.0043372507,-0.011680083,0.010954444,-0.0052135494
699,0.004891167,-0.011534512,0.010849222,-0.0058954
700,0.0064350804,-0.011497741,0.010825745,-0.007556154
701,0.0050907154,-0.012041422,0.0113356095,-0.0061204447
702,0.005848111,-0.010298995,0.009721816,-0.006647449
703,0.008050542,-0.012890161,0.012057066,-0.009311427
704,0.005267206,-0.013678323,0.012844281,-0.006317417
705,0.0064324723,-0.011812247,0.011184264,-0.00761515
706,0.008083271,-0.00831952,0.00799904,-0.009292942
707,0.005448089,-0.009681682,0.009228138,-0.0063084215
708,0.0040037385,-0.008747732,0.008434566,-0.004696912
709,0.0031926017,-0.010572569,0.0100216055,-0.0039447644
710,0.008942652,-0.008155744,0.007835533,-0.010448564
711,0.004959036,-0.0067328024,0.0065306136,-0.00567374
712,0.004410486,-0.011757909,0.011074776,-0.0053627
713,0.002635596,-0.011313963,0.01064383,-0.0032365553
714,0.004722478,-0.00737331,0.007112787,-0.005314823
715,0.004793139,-0.01288319,0.012065317,-0.005914919
716,0.004947939,-0.015711393,0.014699003,-0.0062069613
717,0.0044960324,-0.012600139,0.011823451,-0.005503247
718,0.0026629432,-0.01149118,0.010794577,-0.0031856368
719,0.004750453,-0.012991273,0.012204002,-0.005707997
720,0.0030627835,-0.012981973,0.0122152995,-0.0039123925
721,0.0052495142,-0.010046665,0.009542945,-0.006287124
722,0.0039684037,-0.01140342,0.010734618,-0.004901469
723,0.0063802144,-0.00997297,0.009499166,-0.007538065
724,0.004625854,-0.011092889,0.010449359,-0.0055110413
725,0.0056884126,-0.010059084,0.009514609,-0.006691019
726,0.0022193384,-0.008288265,0.00795389,-0.0026395428
727,0.006206679,-0.008984747,0.00856568,-0.0071915365
728,0.007455978,-0.009656152,0.009173408,-0.008674527
729,0.0036878812,-0.011193464,0.0105135,-0.004428462
730,0.0058029513,-0.010080476,0.009481655,-0.006694258
731,0.002724322,-0.0111563755,0.010560758,-0.0033739554
732,0.0051175137,-0.009985305,0.00946925,-0.005929003
733,0.0054749674,-0.011979583,0.011233705,-0.0064269346
734,0.0042376006,-0.01528762,0.014231256,-0.005210377
735,0.00483448,-0.0134938685,0.012588631,-0.0057539702
736,0.004404503,-0.013321932,0.012516429,-0.0054500215
737,0.0057755616,-0.011873183,0.011253902,-0.0069682463
738,0.0048042773,-0.01222626,0.011525115,-0.005907373
739,0.004337054,-0.009728385,0.009328836,-0.0051626684
740,0.002599216,-0.00938331,0.009011219,-0.0030930154
741,0.004885199,-0.008073394,0.007808598,-0.0057026003
742,0.0050224825,-0.010298189,0.009793657,-0.006049573
743,0.007318103,-0.009726648,0.00922018,-0.008518896
744,0.0048719705,-0.010349929,0.009794698,-0.005838825
745,0.0068862834,-0.008967491,0.008583692,-0.008005168
746,0.004265563,-0.0111638075,0.010606858,-0.005179998
747,0.004461187,-0.013126215,0.012315512,-0.005646571
748,0.004316705,-0.012990352,0.012194041,-0.005278242
749,0.004343906,-0.011777362,0.011145672,-0.0051932437
750,0.004161655,-0.010125838,0.009587805,-0.0048253946
751,0.0028945373,-0.013481499,0.012630737,-0.00358432
752,0.002666004,-0.013714348,0.012857549,-0.0034919367
753,0.00586779,-0.0101320185,0.009590223,-0.007009664
754,0.0052284175,-0.0076982495,0.007438549,-0.0061566313
755,0.0056980243,-0.010872678,0.010190301,-0.0067330617
756,0.0073780036,-0.009092069,0.008649649,-0.008612189
757,0.0034729755,-0.008766083,0.008352444,-0.0041171405
758,0.0042470754,-0.0058099097,0.0057000252,-0.004825938
759,0.0062100724,-0.008594452,0.008197949,-0.007145125
760,0.0055799093,-0.011143255,0.010505831,-0.0066789254
761,0.0061503923,-0.011754326,0.011057383,-0.0073382496
762,0.0063857334,-0.011351509,0.010668831,-0.00754917
763,0.0034752085,-0.008248659,0.007932387,-0.0040877815
764,0.00540126,-0.009658067,0.009233196,-0.006250215
765,0.005332604,-0.0110855745,0.010449331,-0.0061013
766,0.0049938676,-0.011953841,0.011265947,-0.005970612
767,0.0039334237,-0.011360077,0.010758765,-0.004727285
768,0.0062842504,-0.009524484,0.009126645,-0.0073353606
769,0.0062181074,-0.011837149,0.01119196,-0.0074754115
770,0.0032655238,-0.013417742,0.012570528,-0.0040992233
771,0.001727349,-0.011348461,0.0107200295,-0.0022725668
772,0.002496209,-0.010401653,0.009896522,-0.0030744171
773,0.004041509,-0.009709602,0.009249979,-0.004845544
774,0.0056151333,-0.008605448,0.008212602,-0.006498458
775,0.0063787964,-0.0074569588,0.007187768,-0.007306078
776,0.0046257377,-0.009403943,0.008983423,-0.005460207
777,0.0062435544,-0.010449511,0.009843831,-0.0072672972
778,0.00438695,-0.011435695,0.010798673,-0.005201141
779,0.0060985964,-0.010545833,0.009976549,-0.007016803
780,0.0060880124,-0.011057195,0.010450372,-0.0071179583
781,0.002770983,-0.012004343,0.011290813,-0.0033309797
782,0.0045240372,-0.010217094,0.009644677,-0.005261601
783,0.0007825594,-0.014057387,0.013110163,-0.0012926183
784,0.0019693074,-0.0126726525,0.0119344015,-0.0025917736
785,0.004619755,-0.010889186,0.010309563,-0.0056789657
786,0.0030998674,-0.007939369,0.007632579,-0.0036582374
787,0.0041246535,-0.0118035935,0.011109398,-0.0051152203
788,0.005880548,-0.010437885,0.009867003,-0.007024497
789,0.0029580144,-0.009898245,0.009399666,-0.0036648025
790,0.0012333682,-0.004886621,0.004864852,-0.0015200945
791,0.0051548365,-0.0067548133,0.006546162,-0.005969435
792,0.0061631626,-0.00697463,0.0067051533,-0.0070683216
793,0.004299078,-0.009347023,0.008879079,-0.0050230483
794,0.0033195931,-0.011088451,0.010450089,-0.0039611533
795,0.0030788907,-0.009456577,0.009025836,-0.003607354
796,0.0035433234,-0.009871599,0.009433219,-0.004021487
797,0.0066327904,-0.0100232,0.009531295,-0.0076041855
798,0.006539712,-0.0082036955,0.007928177,-0.007583003
799,0.0043831137,-0.011143485,0.010568488,-0.005215643
800,0.001436608,-0.010484316,0.009993846,-0.0017841574
801,0.003591977,-0.009844291,0.009403713,-0.0044380426
802,0.004011936,-0.0081496565,0.007770632,-0.00468728
803,0.0061714146,-0.01037969,0.009862534,-0.007248188
804,0.004068924,-0.013827151,0.012999101,-0.0050050626
805,0.004465268,-0.0107781235,0.010173102,-0.0053895623
806,0.00803728,-0.008141764,0.007818276,-0.009368025
807,0.0038882645,-0.0072574043,0.0070797843,-0.0045042452
808,0.008083759,-0.0062539056,0.0061567347,-0.009188518
809,0.00694338,-0.007180148,0.006943218,-0.007875374
810,0.006351824,-0.009733609,0.009235337,-0.007465684
811,0.0040045325,-0.010709614,0.0100967465,-0.00471251
812,0.0032666174,-0.013531435,0.012644211,-0.00399694
813,0.0046129357,-0.011214269,0.010570911,-0.0054157777
814,0.0044826022,-0.009876628,0.009423557,-0.0050942926
815,0.006397237,-0.01457877,0.013605311,-0.0077359313
816,0.0032804247,-0.011054151,0.010361902,-0.0039210147
817,0.0045770067,-0.011370642,0.01068151,-0.0054461416
818,0.003242845,-0.010737158,0.010183862,-0.0039251605
819,0.0008926793,-0.0071779196,0.006979246,-0.0009989252
820,0.0060771042,-0.009535589,0.009057368,-0.007111664
821,0.003943251,-0.012175709,0.011479304,-0.004924812
822,0.0034993931,-0.010540289,0.009986851,-0.004236499
823,0.003970816,-0.013434896,0.012593502,-0.0049466584
824,0.0044193896,-0.00897818,0.008551397,-0.005163879
825,0.0019159284,-0.006534367,0.006396141,-0.002349675
826,0.0043872935,-0.00876046,0.008396818,-0.0051825712
827,0.0052361805,-0.0110998815,0.010516297,-0.0061849384
828,0.007370165,-0.011445356,0.010819449,-0.00867534
829,0.005504117,-0.011367958,0.010769659,-0.0064518405
830,0.00790404,-0.0082548,0.007907408,-0.008999695
831,0.0024618905,-0.007047192,0.0068050283,-0.0027330248
832,0.0038784435,-0.008267847,0.007963624,-0.004499173
833,0.004177876,-0.008380061,0.00802699,-0.0049454123
834,0.0065715313,-0.0054030735,0.0053343377,-0.007468658
835,0.007240501,-0.008002765,0.0077101104,-0.00821839
836,0.0049124807,-0.00986469,0.009413992,-0.00571432
837,0.004235783,-0.011596473,0.010943736,-0.005045322
838,0.0054059043,-0.010789553,0.010221413,-0.0063194344
839,0.0038418507,-0.009453109,0.009020105,-0.00451933
840,0.0027663424,-0.009497729,0.009038117,-0.0033309795
841,0.0017473936,-0.013111642,0.012300739,-0.002379956
842,0.0042010327,-0.011666388,0.010988483,-0.0050378777
843,0.0039899927,-0.011803392,0.011110242,-0.004723211
844,0.005858838,-0.013188242,0.012322259,-0.006911691
845,0.0065119313,-0.010795791,0.010163475,-0.00749634
846,0.0064259553,-0.013812113,0.012910909,-0.0075622806
847,0.0069620325,-0.012415399,0.011671826,-0.008216831
848,0.0031678341,-0.012282056,0.011608114,-0.0039647543
849,0.0063628857,-0.014015794,0.013131674,-0.0076240203
850,0.00141119,-0.012798898,0.012044332,-0.001987926
851,0.00065468595,-0.010613555,0.010030116,-0.0010234405
852,0.0044445945,-0.008095014,0.007771805,-0.0051608463
853,0.007500308,-0.00902141,0.008622533,-0.008767571
854,0.006597059,-0.010378689,0.009878135,-0.0078185545
855,0.0055610165,-0.014419614,0.013487989,-0.0068222256
856,0.0058936863,-0.009224687,0.008845372,-0.0069284253
857,0.005034661,-0.007923183,0.007644433,-0.006016077
858,0.0052102325,-0.009156224,0.008718696,-0.0061288765
859,0.0076767197,-0.009807001,0.009259714,-0.008899922
860,0.005676834,-0.009342897,0.008891944,-0.0065205665
861,0.0055647655,-0.00981672,0.0093104765,-0.00639449
862,0.0054523144,-0.009725891,0.009209744,-0.00621442
863,0.006051032,-0.0084197605,0.008098275,-0.0069267964
864,0.009610846,-0.0052348753,0.005190365,-0.010849222
865,0.0065879743,-0.0059171063,0.005806579,-0.0074272924
866,0.0037611076,-0.0054581896,0.0054164426,-0.0041960864
867,0.0046098833,-0.009563667,0.009099841,-0.005433649
868,0.008251891,-0.008673903,0.008261766,-0.009234435
869,0.002852347,-0.0120458985,0.011359015,-0.0033947716
870,0.0044680545,-0.012061084,0.011393451,-0.0053190948
871,0.0045978455,-0.010099899,0.00963031,-0.0051906933
872,0.004527258,-0.007704333,0.007447583,-0.004969632
873,0.0043533947,-0.007068409,0.0068799816,-0.0048391894
874,0.0027650762,-0.012691636,0.011949343,-0.0033905003
875,0.0036817477,-0.011615771,0.011021174,-0.0043726848
876,0.0026757591,-0.010422166,0.00986404,-0.0032034323
877,0.006435503,-0.013776705,0.012905145,-0.0076807495
878,0.0043630986,-0.012199999,0.0115055945,-0.005216896
879,0.006994388,-0.009725376,0.009229371,-0.0080415625
880,0.0062755644,-0.012372756,0.011621561,-0.0075430237
881,0.0025426685,-0.012058995,0.011427969,-0.0032155039
882,0.0005371323,-0.013536911,0.012722983,-0.00095490675
883,0.0063614985,-0.0107816765,0.010170367,-0.0075504472
884,0.0051244665,-0.010801938,0.010222935,-0.0061244736
885,0.0057591796,-0.011421191,0.01077841,-0.0068480894
886,0.0075911866,-0.015260415,0.014185889,-0.009246412
887,0.005084256,-0.011268919,0.010611685,-0.0062075076
888,0.0058973255,-0.011125775,0.010574093,-0.0070248344
889,0.006311311,-0.012186906,0.011442514,-0.007560057
890,0.0034591418,-0.009032155,0.008657611,-0.004128697
891,0.0059622764,-0.008908889,0.008506171,-0.0068648504
892,0.0062817996,-0.007687306,0.00737308,-0.0071524074
893,0.00464028,-0.008685168,0.0083393715,-0.0053347694
894,0.006299843,-0.009643803,0.009208295,-0.0072437916
895,0.006071837,-0.007888079,0.0076225623,-0.006919758
896,0.0034995743,-0.007609383,0.0074128467,-0.0041499143
897,0.005325616,-0.00439024,0.004445532,-0.005938093
898,0.0031513362,-0.0068824277,0.006648891,-0.003502344
899,0.0052363896,-0.010904554,0.010242466,-0.00599428
900,0.003435211,-0.009259887,0.008839228,-0.0038872065
901,0.0033903047,-0.013474721,0.012620069,-0.00413431
902,0.0018387596,-0.012682441,0.011969037,-0.0024195814
903,0.0058219903,-0.012920267,0.012121699,-0.0069286954
904,0.00444372,-0.009288411,0.008846868,-0.005152662
905,0.0037081607,-0.011081946,0.010398655,-0.0044043115
906,0.00346953,-0.013373466,0.012554124,-0.0042805374
907,0.0029589774,-0.012342091,0.011615342,-0.0036020372
908,0.004176951,-0.009699404,0.009209146,-0.004869793
909,0.0043572118,-0.012968404,0.012199929,-0.005277834
910,0.0031778808,-0.013896047,0.013086803,-0.0040421435
911,0.0040147137,-0.015481295,0.014478589,-0.0050814804
912,0.004105376,-0.011147561,0.010532973,-0.004939149
913,0.0034703591,-0.011016634,0.0104618855,-0.004287546
914,0.0047830213,-0.008562555,0.008143591,-0.0054364903
915,0.0028089166,-0.009103256,0.008679061,-0.0033273683
916,0.005042356,-0.009854714,0.009355949,-0.0059611727
917,0.009220622,-0.01192302,0.011196696,-0.010782235
918,0.003838092,-0.015436829,0.0144076655,-0.0048859245
919,0.0014328355,-0.01026623,0.009688282,-0.001856826
920,0.0049118907,-0.014909482,0.013918021,-0.0060351146
921,0.008879268,-0.014390592,0.013458009,-0.010486971
922,0.0039045531,-0.011752543,0.011126197,-0.0048315646
923,0.0039567603,-0.010177241,0.009717412,-0.0047768927
924,0.0060167057,-0.010858167,0.010364022,-0.007062419
925,0.00681684,-0.0050923293,0.0050689345,-0.007597969
926,0.005842389,-0.007505095,0.007275034,-0.006575383
927,0.0063694655,-0.0072142165,0.0069825826,-0.0072115576
928,0.007612405,-0.009342821,0.008896518,-0.008693183
929,0.004143441,-0.0073057106,0.007109239,-0.0047028065
930,0.0032736538,-0.0095983585,0.009144886,-0.0039708237
931,0.0057307743,-0.011039625,0.010399279,-0.006591932
932,0.0009500392,-0.008470473,0.008145378,-0.0012020619
933,0.0043873065,-0.011268182,0.010607002,-0.005185371
934,0.0064623463,-0.007903961,0.0075852536,-0.007345803
935,0.0048592384,-0.009757822,0.009287418,-0.005628812
936,0.0067410734,-0.009436539,0.008985082,-0.007842208
937,0.0016931496,-0.010609685,0.010045175,-0.0020753348
938,0.0015916427,-0.011575791,0.01090241,-0.0020262254
939,0.0018275179,-0.011871998,0.011144396,-0.0021800979
940,0.005043406,-0.012791008,0.012016543,-0.005985847
941,0.0039224853,-0.011833409,0.011141439,-0.004716806
942,0.0037533937,-0.008594864,0.008309087,-0.0043831547
943,0.004875409,-0.011267317,0.010630797,-0.0058412557
944,0.0053192517,-0.011299918,0.01066659,-0.006380413
945,0.00048389775,-0.0123445755,0.011615514,-0.0009115301
946,0.00537105,-0.010396816,0.009858715,-0.00631804
947,0.006549242,-0.009629124,0.009139616,-0.007569644
948,0.004496538,-0.00943197,0.008985179,-0.0053896387
949,0.0033533708,-0.012918325,0.012172751,-0.004250331
950,0.0040791384,-0.014704238,0.0138101755,-0.0051808986
951,0.005811621,-0.011850232,0.011158545,-0.0069558644
952,0.004908425,-0.0134752225,0.0126152,-0.005944958
953,0.0076983757,-0.013677163,0.0128293475,-0.009112352
954,0.0049963584,-0.011600524,0.010967712,-0.005910406
955,0.004495337,-0.010588731,0.010022825,-0.005414223
956,0.005603144,-0.0115059065,0.010896207,-0.006665996
957,0.0054146,-0.009801643,0.00934994,-0.0062256
958,0.0037517352,-0.010749794,0.010213529,-0.0043355585
959,0.0063858842,-0.008487006,0.0081326375,-0.0071593616
960,0.0065817013,-0.011387093,0.010777496,-0.0076637343
961,0.0057840203,-0.008461968,0.008077855,-0.0065568388
962,0.0035275673,-0.0060221665,0.0059158336,-0.0038664294
963,0.0029287501,-0.0069421194,0.0067362813,-0.0030965202
964,0.0040966966,-0.007975734,0.007719096,-0.004589433
965,0.004927554,-0.0127529735,0.012065932,-0.005912791
966,0.005173668,-0.011614775,0.011047124,-0.006121307
967,0.0073864614,-0.010030324,0.009540424,-0.008603771
968,0.003300569,-0.009917727,0.009451617,-0.003825161
969,0.0039037948,-0.0076076137,0.007285721,-0.0042831856
970,0.005582759,-0.010873684,0.010248324,-0.0064968863
971,0.0055409153,-0.008546097,0.0081722075,-0.0061833407
972,0.009163058,-0.010225373,0.009647713,-0.010455424
973,0.004832532,-0.013835205,0.012973534,-0.0059492304
974,0.003751559,-0.010718635,0.01017445,-0.0045810677
975,0.003380708,-0.010772111,0.010253905,-0.0041562803
976,0.0068796324,-0.010346685,0.0097698225,-0.008066714
977,0.0031180435,-0.008312038,0.007914163,-0.0036356314
978,0.0031959587,-0.008676727,0.008269995,-0.0036215454
979,0.005342755,-0.006698539,0.0064870566,-0.0060465406
980,0.005926837,-0.006830542,0.006509105,-0.0067920927
981,0.0051199384,-0.0111531885,0.0105428565,-0.0061495034
982,0.0020469276,-0.014200672,0.013347807,-0.0028466717
983,0.0061515947,-0.013407887,0.012556064,-0.007407816
984,0.0061717997,-0.013193958,0.012420292,-0.0074539995
985,0.0076744384,-0.012179182,0.011463235,-0.008941494
986,0.0042686462,-0.012450729,0.011774992,-0.0051459624
987,0.0057893037,-0.00847232,0.008173703,-0.0068149203
988,0.0059263282,-0.008205126,0.007832331,-0.006725879
989,0.005518081,-0.010669649,0.01016003,-0.006452327
990,0.004764151,-0.0079063745,0.007627408,-0.0055083926
991,0.005263011,-0.009519103,0.00910038,-0.0060144584
992,0.0024948365,-0.008478398,0.0081992475,-0.0029665604
993,0.006644757,-0.009654349,0.009223711,-0.0077967425
994,0.008380755,-0.006914232,0.0067022336,-0.0095080845
995,0.0048104986,-0.007754473,0.0074528125,-0.0054524336
996,0.0027340783,-0.009442868,0.009037882,-0.0031965338
997,0.007784961,-0.009885731,0.009412287,-0.009024955
998,0.0058611203,-0.0108195385,0.01022718,-0.006822062
999,0.0034879704,-0.010786007,0.010189946,-0.004108126
1000,0.0033069574,-0.007303264,0.0071282517,-0.00367984
1001,0.005150603,-0.009285785,0.008804011,-0.0058707935
1002,0.005549329,-0.008232608,0.007854521,-0.0062222206
1003,0.005634368,-0.0069388608,0.0066957735,-0.0061798547
1004,0.0046107895,-0.012342194,0.011591497,-0.005624692
1005,0.0023315945,-0.013244463,0.01238806,-0.0029897685
1006,0.0012566806,-0.011964337,0.011295597,-0.001817679
1007,0.0033123272,-0.010687838,0.010084045,-0.0040727463
1008,0.004732983,-0.010577619,0.00999554,-0.0057060975
1009,0.0035155523,-0.009343053,0.008901965,-0.004224897
1010,0.0049133045,-0.009063931,0.008661041,-0.0057601226
1011,0.004871279,-0.009220183,0.008780687,-0.0057271114
1012,0.0020851411,-0.009015999,0.008635986,-0.0024935128
1013,0.0047840574,-0.009775676,0.009286853,-0.0055074617
1014,0.001447269,-0.01145216,0.010889951,-0.0018993916
1015,0.001691168,-0.010548532,0.010048502,-0.0022249802
1016,0.006028374,-0.012069888,0.011389317,-0.0071694003
1017,0.005447993,-0.013441454,0.01266401,-0.0065397616
1018,0.0038778554,-0.010964595,0.010395985,-0.004592557
1019,0.006127831,-0.00751435,0.0072812685,-0.006959968
1020,0.005859016,-0.010934443,0.010291564,-0.0068180426
1021,0.0062122988,-0.009241475,0.00880325,-0.0071522174
1022,0.00688905,-0.010215239,0.009721489,-0.008016609
1023,0.0040855412,-0.012277561,0.011610349,-0.004975711
